Sample_ID,Stratification_Group,Diet_Condition,BCAA_Multiplier,Growth_Rate,3MOPLPAMO_Flux
PRISM.7406,Track_B_Dorea_Absent,Baseline_1x,1.0,0.2120567964358542,0.0
PRISM.7406,Track_B_Dorea_Absent,Moderate_2x,2.0,0.2121139377399602,0.0
PRISM.7406,Track_B_Dorea_Absent,High_Overdrive_10x,10.0,0.2121878235986507,0.0
PRISM.7421,Track A (Dorea Present),Baseline_1x,1.0,0.6145811237180412,0.0389519169417934
PRISM.7421,Track A (Dorea Present),Moderate_2x,2.0,0.6173369779801974,0.0289528323050285
PRISM.7421,Track A (Dorea Present),High_Overdrive_10x,10.0,0.6168269012457179,0.009866294508966
PRISM.7445,Track_B_Dorea_Absent,Baseline_1x,1.0,0.5338419237395778,0.0
PRISM.7445,Track_B_Dorea_Absent,Moderate_2x,2.0,0.533921855482181,0.0
PRISM.7445,Track_B_Dorea_Absent,High_Overdrive_10x,10.0,0.5336955050973577,0.0
PRISM.7486,Track A (Dorea Present),Baseline_1x,1.0,0.6807706368634094,0.0292304952855327
PRISM.7486,Track A (Dorea Present),Moderate_2x,2.0,0.6739719135015287,0.0070642893018094
PRISM.7486,Track A (Dorea Present),High_Overdrive_10x,10.0,0.6737869451621766,0.0216497227106257
PRISM.7506,Track_B_Dorea_Absent,Baseline_1x,1.0,0.6348004524569264,0.0
PRISM.7506,Track_B_Dorea_Absent,Moderate_2x,2.0,0.6345732612903092,0.0
PRISM.7506,Track_B_Dorea_Absent,High_Overdrive_10x,10.0,0.6353738768306614,0.0
PRISM.7744,Track A (Dorea Present),Baseline_1x,1.0,0.5196678570278153,0.0217320582440815
PRISM.7744,Track A (Dorea Present),Moderate_2x,2.0,0.5194052298808662,0.0130240907177233
PRISM.7744,Track A (Dorea Present),High_Overdrive_10x,10.0,0.5195111138469563,0.0235028458205551
PRISM.7762,Track_A_Dorea_Present,Baseline_1x,1.0,0.7045111415314529,0.04708280175798
PRISM.7762,Track_A_Dorea_Present,Moderate_2x,2.0,0.7038645971254994,0.0463460002433984
PRISM.7762,Track_A_Dorea_Present,High_Overdrive_10x,10.0,0.6971185961278391,0.0457853481418034
PRISM.7897,Track A (Dorea Present),Baseline_1x,1.0,0.434889080798063,0.0143082035295905
PRISM.7897,Track A (Dorea Present),Moderate_2x,2.0,0.4348143571266545,0.0143165764174221
PRISM.7897,Track A (Dorea Present),High_Overdrive_10x,10.0,0.4335119758373117,0.0143360771999619
PRISM.7941,Track B (Dorea Absent),Baseline_1x,1.0,0.2173201112114663,0.0
PRISM.7941,Track B (Dorea Absent),Moderate_2x,2.0,0.2165857927207374,0.0
PRISM.7941,Track B (Dorea Absent),High_Overdrive_10x,10.0,0.2200276549616734,0.0
PRISM.7948,Track_A_Dorea_Present,Baseline_1x,1.0,0.5903693953436485,0.0341005606860236
PRISM.7948,Track_A_Dorea_Present,Moderate_2x,2.0,0.5917203585802888,0.0458948677473618
PRISM.7948,Track_A_Dorea_Present,High_Overdrive_10x,10.0,0.5910453024385909,0.0465330584066028
PRISM.8095,Track B (Dorea Absent),Baseline_1x,1.0,0.7447168271437931,0.0
PRISM.8095,Track B (Dorea Absent),Moderate_2x,2.0,0.7448748119726329,0.0
PRISM.8095,Track B (Dorea Absent),High_Overdrive_10x,10.0,0.7452736560818845,0.0
PRISM.8096,Track B (Dorea Absent),Baseline_1x,1.0,0.6912525489338582,0.0
PRISM.8096,Track B (Dorea Absent),Moderate_2x,2.0,0.6883909354686132,0.0
PRISM.8096,Track B (Dorea Absent),High_Overdrive_10x,10.0,0.694724080255201,0.0
PRISM.8106,Track B (Dorea Absent),Baseline_1x,1.0,0.2591933293911835,0.0
PRISM.8106,Track B (Dorea Absent),Moderate_2x,2.0,0.2546149599943754,0.0
PRISM.8106,Track B (Dorea Absent),High_Overdrive_10x,10.0,0.2546539559967888,0.0
PRISM.8129,Track_A_Dorea_Present,Baseline_1x,1.0,0.6388582541242122,0.029017156260532
PRISM.8129,Track_A_Dorea_Present,Moderate_2x,2.0,0.6369889267555356,0.0268545527861753
PRISM.8129,Track_A_Dorea_Present,High_Overdrive_10x,10.0,0.634111533922786,0.0267385150270137
PRISM.8336,Track B (Dorea Absent),Baseline_1x,1.0,0.3300396235245956,0.0
PRISM.8336,Track B (Dorea Absent),Moderate_2x,2.0,0.3300824259887582,0.0
PRISM.8336,Track B (Dorea Absent),High_Overdrive_10x,10.0,0.3300267955654581,0.0
PRISM.8374,Track B (Dorea Absent),Baseline_1x,1.0,0.5613276521626184,0.0
PRISM.8374,Track B (Dorea Absent),Moderate_2x,2.0,0.561894045117477,0.0
PRISM.8374,Track B (Dorea Absent),High_Overdrive_10x,10.0,0.5612969385083765,0.0
PRISM.8452,Track B (Dorea Absent),Baseline_1x,1.0,0.413825698501438,0.0
PRISM.8452,Track B (Dorea Absent),Moderate_2x,2.0,0.4138582488481941,0.0
PRISM.8452,Track B (Dorea Absent),High_Overdrive_10x,10.0,0.413847989251792,0.0
PRISM.8475,Track A (Dorea Present),Baseline_1x,1.0,0.4867864380881649,0.0344078573758174
PRISM.8475,Track A (Dorea Present),Moderate_2x,2.0,0.4869129892776613,0.0496247731954175
PRISM.8475,Track A (Dorea Present),High_Overdrive_10x,10.0,0.4851748512142702,0.0065655550568956
PRISM.8502,Track B (Dorea Absent),Baseline_1x,1.0,0.4527717317443503,0.0
PRISM.8502,Track B (Dorea Absent),Moderate_2x,2.0,0.4529699716908847,0.0
PRISM.8502,Track B (Dorea Absent),High_Overdrive_10x,10.0,0.4530558355930653,0.0
PRISM.8513,Track A (Dorea Present),Baseline_1x,1.0,0.6714675331892895,0.0388427390440336
PRISM.8513,Track A (Dorea Present),Moderate_2x,2.0,0.6709804762063646,0.0174050954298548
PRISM.8513,Track A (Dorea Present),High_Overdrive_10x,10.0,0.671561954189291,0.0319631846451008
PRISM.8550,Track B (Dorea Absent),Baseline_1x,1.0,0.1655749501797571,0.0
PRISM.8550,Track B (Dorea Absent),Moderate_2x,2.0,0.1655130560199285,0.0
PRISM.8550,Track B (Dorea Absent),High_Overdrive_10x,10.0,0.165758687028485,0.0
PRISM.8564,Track B (Dorea Absent),Baseline_1x,1.0,0.6744201185838699,0.0
PRISM.8564,Track B (Dorea Absent),Moderate_2x,2.0,0.6748313075361696,0.0
PRISM.8564,Track B (Dorea Absent),High_Overdrive_10x,10.0,0.6759238031185661,0.0
PRISM.8573,Track A (Dorea Present),Baseline_1x,1.0,0.4848673904631319,0.0204899991698613
PRISM.8573,Track A (Dorea Present),Moderate_2x,2.0,0.4846177041564276,0.0156491360011538
PRISM.8573,Track A (Dorea Present),High_Overdrive_10x,10.0,0.4845777417062992,0.0156437009804997
PRISM.8592,Track_A_Dorea_Present,Baseline_1x,1.0,0.691193845979909,0.0558302204794449
PRISM.8592,Track_A_Dorea_Present,Moderate_2x,2.0,0.6893161583995797,0.0546299702367407
PRISM.8592,Track_A_Dorea_Present,High_Overdrive_10x,10.0,0.6914467824141861,0.0561105014349506
PRISM.8624,Track B (Dorea Absent),Baseline_1x,1.0,0.5351133379893257,0.0
PRISM.8624,Track B (Dorea Absent),Moderate_2x,2.0,0.5351217837511002,0.0
PRISM.8624,Track B (Dorea Absent),High_Overdrive_10x,10.0,0.535197746513655,0.0
PRISM.8667,Track B (Dorea Absent),Baseline_1x,1.0,0.9216664629613524,0.0
PRISM.8667,Track B (Dorea Absent),Moderate_2x,2.0,0.9216454537850176,0.0
PRISM.8667,Track B (Dorea Absent),High_Overdrive_10x,10.0,0.9216710863496084,0.0
PRISM.8734,Track A (Dorea Present),Baseline_1x,1.0,0.8776421011909421,0.014306663326142
PRISM.8734,Track A (Dorea Present),Moderate_2x,2.0,0.8786214507982303,0.0370656374268768
PRISM.8734,Track A (Dorea Present),High_Overdrive_10x,10.0,0.8776987915336647,0.0283478418363769
PRISM.8758,Track B (Dorea Absent),Baseline_1x,1.0,0.1919658626196933,0.0
PRISM.8758,Track B (Dorea Absent),Moderate_2x,2.0,0.1917745858940479,0.0
PRISM.8758,Track B (Dorea Absent),High_Overdrive_10x,10.0,0.1922454579285263,0.0
PRISM.8795,Track_A_Dorea_Present,Baseline_1x,1.0,0.2488103130947689,0.0275116450563601
PRISM.8795,Track_A_Dorea_Present,Moderate_2x,2.0,0.2478084712321437,0.037789989129251
PRISM.8795,Track_A_Dorea_Present,High_Overdrive_10x,10.0,0.2489616527584298,0.0297713250115156
PRISM.8849,Track B (Dorea Absent),Baseline_1x,1.0,0.3797336747457447,0.0
PRISM.8849,Track B (Dorea Absent),Moderate_2x,2.0,0.3794764674398378,0.0
PRISM.8849,Track B (Dorea Absent),High_Overdrive_10x,10.0,0.3807343554546125,0.0
PRISM.8892,Track_A_Dorea_Present,Baseline_1x,1.0,0.4129151771269381,0.0040885794291382
PRISM.8892,Track_A_Dorea_Present,Moderate_2x,2.0,0.4129209756805277,0.013278820305073
PRISM.8892,Track_A_Dorea_Present,High_Overdrive_10x,10.0,0.4129183240950493,0.0040834486481254
PRISM.8898,Track_A_Dorea_Present,Baseline_1x,1.0,0.9216828481854008,0.0273127590800432
PRISM.8898,Track_A_Dorea_Present,Moderate_2x,2.0,0.9216798921439436,0.0321880895253079
PRISM.8898,Track_A_Dorea_Present,High_Overdrive_10x,10.0,0.9216282563248768,0.021441568096748
PRISM.8998,Track B (Dorea Absent),Baseline_1x,1.0,0.921681954006332,0.0
PRISM.8998,Track B (Dorea Absent),Moderate_2x,2.0,0.9216819269047442,0.0
PRISM.8998,Track B (Dorea Absent),High_Overdrive_10x,10.0,0.9216803784063607,0.0
PRISM.9018,Track_A_Dorea_Present,Baseline_1x,1.0,0.921659843930015,0.0304892739176459
PRISM.9018,Track_A_Dorea_Present,Moderate_2x,2.0,0.9216842599250098,0.0234868096551883
PRISM.9018,Track_A_Dorea_Present,High_Overdrive_10x,10.0,0.9216545690601242,0.0231939941476185
PRISM.7150,Track_B_Dorea_Absent,Baseline_1x,1.0,0.9216825233684665,0.0
PRISM.7150,Track_B_Dorea_Absent,Moderate_2x,2.0,0.9216767954405548,0.0
PRISM.7150,Track_B_Dorea_Absent,High_Overdrive_10x,10.0,0.921683545036123,0.0
PRISM.7184,Track_B_Dorea_Absent,Baseline_1x,1.0,0.5209950097382118,0.0
PRISM.7184,Track_B_Dorea_Absent,Moderate_2x,2.0,0.5182681345041235,0.0
PRISM.7184,Track_B_Dorea_Absent,High_Overdrive_10x,10.0,0.5184217095221544,0.0
PRISM.7408,Track_B_Dorea_Absent,Baseline_1x,1.0,0.6195596402899979,0.0
PRISM.7408,Track_B_Dorea_Absent,Moderate_2x,2.0,0.6194163958745436,0.0
PRISM.7408,Track_B_Dorea_Absent,High_Overdrive_10x,10.0,0.6188391961078272,0.0
PRISM.7759,Track_B_Dorea_Absent,Baseline_1x,1.0,0.6556803402510633,0.0
PRISM.7759,Track_B_Dorea_Absent,Moderate_2x,2.0,0.6557418241509131,0.0
PRISM.7759,Track_B_Dorea_Absent,High_Overdrive_10x,10.0,0.6557682576545663,0.0
PRISM.7938,Track_B_Dorea_Absent,Baseline_1x,1.0,0.7428319092118917,0.0
PRISM.7938,Track_B_Dorea_Absent,Moderate_2x,2.0,0.7441200648002654,0.0
PRISM.7938,Track_B_Dorea_Absent,High_Overdrive_10x,10.0,0.7428769182220171,0.0
PRISM.7122,Track A (Dorea Present),Baseline_1x,1.0,0.47156555159047103,0.03287841394124528
PRISM.7122,Track A (Dorea Present),Moderate_2x,2.0,0.47112546127692284,0.027555282425792072
PRISM.7122,Track A (Dorea Present),High_Overdrive_10x,10.0,0.4709591589198297,0.010999949814768208
PRISM.7147,Track A (Dorea Present),Baseline_1x,1.0,0.6125942720420535,0.03780239037373891
PRISM.7147,Track A (Dorea Present),Moderate_2x,2.0,0.6155289230930521,0.03451936070741716
PRISM.7147,Track A (Dorea Present),High_Overdrive_10x,10.0,0.6150333571293827,0.007982598657540103
PRISM.7153,Track A (Dorea Present),Baseline_1x,1.0,0.4913767778902619,0.04314460600483503
PRISM.7153,Track A (Dorea Present),Moderate_2x,2.0,0.49381507517060963,0.03875530698583528
PRISM.7153,Track A (Dorea Present),High_Overdrive_10x,10.0,0.49325864713723416,0.04199008629778374
PRISM.7496,Track A (Dorea Present),Baseline_1x,1.0,0.48985652029566984,0.0
PRISM.7496,Track A (Dorea Present),Moderate_2x,2.0,0.4886174047028812,0.0
PRISM.7496,Track A (Dorea Present),High_Overdrive_10x,10.0,0.48923040477892216,0.0
PRISM.7658,Track A (Dorea Present),Baseline_1x,1.0,0.6567050414079586,0.02245831502965361
PRISM.7658,Track A (Dorea Present),Moderate_2x,2.0,0.6572260053457469,0.027375937396392144
PRISM.7658,Track A (Dorea Present),High_Overdrive_10x,10.0,0.6571160213210965,0.025292623083821002
PRISM.7662,Track A (Dorea Present),Baseline_1x,1.0,0.7669520118407339,0.05846411243923367
PRISM.7662,Track A (Dorea Present),Moderate_2x,2.0,0.7661413230646293,0.07479496134996966
PRISM.7662,Track A (Dorea Present),High_Overdrive_10x,10.0,0.7655792408181262,0.058308386467027205
PRISM.7776,Track A (Dorea Present),Baseline_1x,1.0,0.48025560737712425,0.006978713947040125
PRISM.7776,Track A (Dorea Present),Moderate_2x,2.0,0.479987852960192,0.01389238917834745
PRISM.7776,Track A (Dorea Present),High_Overdrive_10x,10.0,0.48013441933092904,0.006335077520764099
PRISM.7847,Track A (Dorea Present),Baseline_1x,1.0,0.7638780626837731,0.03755215683918251
PRISM.7847,Track A (Dorea Present),Moderate_2x,2.0,0.7637324287457161,0.023043893248864387
PRISM.7847,Track A (Dorea Present),High_Overdrive_10x,10.0,0.7637757995180899,0.05398419816915808
PRISM.7852,Track A (Dorea Present),Baseline_1x,1.0,0.914856390922131,0.03986596024925782
PRISM.7852,Track A (Dorea Present),Moderate_2x,2.0,0.9126433560039866,0.04719391596676666
PRISM.7852,Track A (Dorea Present),High_Overdrive_10x,10.0,0.9136233536592165,0.024508862822811287
PRISM.7855,Track A (Dorea Present),Baseline_1x,1.0,0.8040810854775111,0.04323770230979865
PRISM.7855,Track A (Dorea Present),Moderate_2x,2.0,0.8040518503813742,0.016621827558934165
PRISM.7855,Track A (Dorea Present),High_Overdrive_10x,10.0,0.8047034925390373,0.015284351677053503
PRISM.7858,Track A (Dorea Present),Baseline_1x,1.0,0.8516396047648012,0.028273313549685427
PRISM.7858,Track A (Dorea Present),Moderate_2x,2.0,0.8512706270896591,0.028274759645541405
PRISM.7858,Track A (Dorea Present),High_Overdrive_10x,10.0,0.8514265571273559,0.03274588763271514
PRISM.7860,Track A (Dorea Present),Baseline_1x,1.0,0.7623375728935289,0.021196737138627707
PRISM.7860,Track A (Dorea Present),Moderate_2x,2.0,0.7623395760123921,0.021414269709909912
PRISM.7860,Track A (Dorea Present),High_Overdrive_10x,10.0,0.7628063851247089,0.045266116994842474
PRISM.7861,Track A (Dorea Present),Baseline_1x,1.0,0.5187469314798874,0.054855639927644965
PRISM.7861,Track A (Dorea Present),Moderate_2x,2.0,0.5171361525110383,0.0608771210646055
PRISM.7861,Track A (Dorea Present),High_Overdrive_10x,10.0,0.5179842570455117,0.056382023712918804
PRISM.7862,Track A (Dorea Present),Baseline_1x,1.0,0.570537978838749,0.03774277202661552
PRISM.7862,Track A (Dorea Present),Moderate_2x,2.0,0.5710029783038012,0.025749649219458767
PRISM.7862,Track A (Dorea Present),High_Overdrive_10x,10.0,0.5719249693341495,0.027864082197715943
PRISM.7870,Track A (Dorea Present),Baseline_1x,1.0,0.5087185428399236,0.03636673107511041
PRISM.7870,Track A (Dorea Present),Moderate_2x,2.0,0.5088123319500706,0.039487941991672444
PRISM.7870,Track A (Dorea Present),High_Overdrive_10x,10.0,0.5084024650528924,0.0304414484382812
PRISM.7874,Track A (Dorea Present),Baseline_1x,1.0,0.6009096706392754,0.014111281551808246
PRISM.7874,Track A (Dorea Present),Moderate_2x,2.0,0.6006197827799384,0.013596624801188298
PRISM.7874,Track A (Dorea Present),High_Overdrive_10x,10.0,0.6014352564387079,0.032097721719494515
PRISM.7899,Track A (Dorea Present),Baseline_1x,1.0,0.8150881438126345,0.01755270975416498
PRISM.7899,Track A (Dorea Present),Moderate_2x,2.0,0.8192768765685802,0.03303830280645787
PRISM.7899,Track A (Dorea Present),High_Overdrive_10x,10.0,0.8190930049960072,0.0328371841091129
PRISM.7904,Track A (Dorea Present),Baseline_1x,1.0,0.5839696521558059,0.018606046305693607
PRISM.7904,Track A (Dorea Present),Moderate_2x,2.0,0.5811612667757242,0.009283356801592894
PRISM.7904,Track A (Dorea Present),High_Overdrive_10x,10.0,0.5847671597528756,0.03478621152653781
PRISM.7906,Track A (Dorea Present),Baseline_1x,1.0,0.6956001855893588,0.04011827294306899
PRISM.7906,Track A (Dorea Present),Moderate_2x,2.0,0.6953053514055543,0.03717085529056504
PRISM.7906,Track A (Dorea Present),High_Overdrive_10x,10.0,0.6958950611789619,0.023188486093272516
PRISM.7908,Track A (Dorea Present),Baseline_1x,1.0,0.5604013254698686,0.03487760867405943
PRISM.7908,Track A (Dorea Present),Moderate_2x,2.0,0.5565926906497367,0.026124077799396125
PRISM.7908,Track A (Dorea Present),High_Overdrive_10x,10.0,0.5618439927037304,0.026432619542365678
PRISM.7909,Track A (Dorea Present),Baseline_1x,1.0,0.558410653315524,0.02953879075012042
PRISM.7909,Track A (Dorea Present),Moderate_2x,2.0,0.5592227664506679,0.029557395065200737
PRISM.7909,Track A (Dorea Present),High_Overdrive_10x,10.0,0.5589593793313375,0.029557071467975073
PRISM.7910,Track A (Dorea Present),Baseline_1x,1.0,0.6099913785450914,0.00775987909747525
PRISM.7910,Track A (Dorea Present),Moderate_2x,2.0,0.6105465701972455,0.007768832638554509
PRISM.7910,Track A (Dorea Present),High_Overdrive_10x,10.0,0.6127428385599628,0.007847155054400054
PRISM.7911,Track A (Dorea Present),Baseline_1x,1.0,0.5669088574492919,0.016866769105821973
PRISM.7911,Track A (Dorea Present),Moderate_2x,2.0,0.5648789033341274,0.016933250068168117
PRISM.7911,Track A (Dorea Present),High_Overdrive_10x,10.0,0.5644985748793132,0.034286282557390316
PRISM.7947,Track B (Dorea Absent),Baseline_1x,1.0,0.9216391054459944,0.0
PRISM.7947,Track B (Dorea Absent),Moderate_2x,2.0,0.9216839768460445,0.0
PRISM.7947,Track B (Dorea Absent),High_Overdrive_10x,10.0,0.9216837649408587,0.0
PRISM.7955,Track A (Dorea Present),Baseline_1x,1.0,0.5912811797257235,0.020997858395096596
PRISM.7955,Track A (Dorea Present),Moderate_2x,2.0,0.5919598143901381,0.020920344516468837
PRISM.7955,Track A (Dorea Present),High_Overdrive_10x,10.0,0.5911367344088599,0.02096768819448524
PRISM.7989,Track B (Dorea Absent),Baseline_1x,1.0,0.4535332271960949,0.0
PRISM.7989,Track B (Dorea Absent),Moderate_2x,2.0,0.4533443380888784,0.0
PRISM.7989,Track B (Dorea Absent),High_Overdrive_10x,10.0,0.4535795709789999,0.0
PRISM.8101,Track A (Dorea Present),Baseline_1x,1.0,0.6840732003690578,0.005087215134652209
PRISM.8101,Track A (Dorea Present),Moderate_2x,2.0,0.6837031177116965,0.0030802556149462906
PRISM.8101,Track A (Dorea Present),High_Overdrive_10x,10.0,0.6838331692731326,0.022944434690320172
PRISM.8226,Track B (Dorea Absent),Baseline_1x,1.0,0.717957757013582,0.0
PRISM.8226,Track B (Dorea Absent),Moderate_2x,2.0,0.7175703206266356,0.0
PRISM.8226,Track B (Dorea Absent),High_Overdrive_10x,10.0,0.7176491209434922,0.0
PRISM.8283,Track A (Dorea Present),Baseline_1x,1.0,0.9171946612706616,0.008367711586187172
PRISM.8283,Track A (Dorea Present),Moderate_2x,2.0,0.9165191266166681,0.009570354759359264
PRISM.8283,Track A (Dorea Present),High_Overdrive_10x,10.0,0.9172727413100321,0.008100465248131615
PRISM.8332,Track A (Dorea Present),Baseline_1x,1.0,0.6397117341918356,0.012121446898729364
PRISM.8332,Track A (Dorea Present),Moderate_2x,2.0,0.6395406418759978,0.026032967102457505
PRISM.8332,Track A (Dorea Present),High_Overdrive_10x,10.0,0.6378962815683404,0.030428265588418935
PRISM.8361,Track B (Dorea Absent),Baseline_1x,1.0,0.5984094470846315,0.0
PRISM.8361,Track B (Dorea Absent),Moderate_2x,2.0,0.5948657966276064,0.0
PRISM.8361,Track B (Dorea Absent),High_Overdrive_10x,10.0,0.603611470111992,0.0
PRISM.8406,Track B (Dorea Absent),Baseline_1x,1.0,0.5026736015525662,0.0
PRISM.8406,Track B (Dorea Absent),Moderate_2x,2.0,0.5039995371307441,0.0
PRISM.8406,Track B (Dorea Absent),High_Overdrive_10x,10.0,0.5050089458056853,0.0
PRISM.8441,Track A (Dorea Present),Baseline_1x,1.0,0.9216651840971205,0.031454283889105775
PRISM.8441,Track A (Dorea Present),Moderate_2x,2.0,0.9216839226665321,0.0012435450681651723
PRISM.8441,Track A (Dorea Present),High_Overdrive_10x,10.0,0.9216740722112229,0.028694710828963237
PRISM.8444,Track A (Dorea Present),Baseline_1x,1.0,0.9216487576984744,0.023106328895657197
PRISM.8444,Track A (Dorea Present),Moderate_2x,2.0,0.9216835737036655,0.03215173957761746
PRISM.8444,Track A (Dorea Present),High_Overdrive_10x,10.0,0.9216765660825748,0.03600127318897784
PRISM.8462,Track A (Dorea Present),Baseline_1x,1.0,0.5736941744283043,0.007852154680707806
PRISM.8462,Track A (Dorea Present),Moderate_2x,2.0,0.5735401608756373,0.002776363085678001
PRISM.8462,Track A (Dorea Present),High_Overdrive_10x,10.0,0.5734709735533965,0.01918946308280252
PRISM.8464,Track B (Dorea Absent),Baseline_1x,1.0,0.17326655347369616,0.0
PRISM.8464,Track B (Dorea Absent),Moderate_2x,2.0,0.17278429122838296,0.0
PRISM.8464,Track B (Dorea Absent),High_Overdrive_10x,10.0,0.1734178928905657,0.0
PRISM.8467,Track A (Dorea Present),Baseline_1x,1.0,0.6674067616373033,0.02467669027391327
PRISM.8467,Track A (Dorea Present),Moderate_2x,2.0,0.6670061191813312,0.024355167228357153
PRISM.8467,Track A (Dorea Present),High_Overdrive_10x,10.0,0.6667387521890309,0.04360523593360506
PRISM.8485,Track B (Dorea Absent),Baseline_1x,1.0,0.9216851882216479,0.0
PRISM.8485,Track B (Dorea Absent),Moderate_2x,2.0,0.9216829428629126,0.0
PRISM.8485,Track B (Dorea Absent),High_Overdrive_10x,10.0,0.9216828169130732,0.0
PRISM.8496,Track B (Dorea Absent),Baseline_1x,1.0,0.2476245251797553,0.0
PRISM.8496,Track B (Dorea Absent),Moderate_2x,2.0,0.24714844216152526,0.0
PRISM.8496,Track B (Dorea Absent),High_Overdrive_10x,10.0,0.24744604051736777,0.0
PRISM.8515,Track A (Dorea Present),Baseline_1x,1.0,0.4463956020427174,0.0
PRISM.8515,Track A (Dorea Present),Moderate_2x,2.0,0.44612748780385186,0.0
PRISM.8515,Track A (Dorea Present),High_Overdrive_10x,10.0,0.4466899107713499,0.0
PRISM.8523,Track B (Dorea Absent),Baseline_1x,1.0,0.9156113560712803,0.0
PRISM.8523,Track B (Dorea Absent),Moderate_2x,2.0,0.9155936235876196,0.0
PRISM.8523,Track B (Dorea Absent),High_Overdrive_10x,10.0,0.9155963218869243,0.0
PRISM.8534,Track B (Dorea Absent),Baseline_1x,1.0,0.41359609699990896,0.0
PRISM.8534,Track B (Dorea Absent),Moderate_2x,2.0,0.41360140140804313,0.0
PRISM.8534,Track B (Dorea Absent),High_Overdrive_10x,10.0,0.41374307680083394,0.0
PRISM.8577,Track A (Dorea Present),Baseline_1x,1.0,0.6266637326652039,0.037454750493690826
PRISM.8577,Track A (Dorea Present),Moderate_2x,2.0,0.6281266176016581,0.006969923101938825
PRISM.8577,Track A (Dorea Present),High_Overdrive_10x,10.0,0.6264138682908182,0.03815774541704615
PRISM.8589,Track A (Dorea Present),Baseline_1x,1.0,0.7886434754718021,0.05002533409420783
PRISM.8589,Track A (Dorea Present),Moderate_2x,2.0,0.7881161942171597,0.04758974597638407
PRISM.8589,Track A (Dorea Present),High_Overdrive_10x,10.0,0.7881559245544091,0.03569605213203404
PRISM.8591,Track B (Dorea Absent),Baseline_1x,1.0,0.3924137589852217,0.0
PRISM.8591,Track B (Dorea Absent),Moderate_2x,2.0,0.39715538996652394,0.0
PRISM.8591,Track B (Dorea Absent),High_Overdrive_10x,10.0,0.3992047964784139,0.0
PRISM.8605,Track A (Dorea Present),Baseline_1x,1.0,0.9216791886404951,0.035244585875461906
PRISM.8605,Track A (Dorea Present),Moderate_2x,2.0,0.9216712127938642,0.030186220794553333
PRISM.8605,Track A (Dorea Present),High_Overdrive_10x,10.0,0.9216724756994339,0.024389577486375887
PRISM.8629,Track B (Dorea Absent),Baseline_1x,1.0,0.16190367132272063,0.0
PRISM.8629,Track B (Dorea Absent),Moderate_2x,2.0,0.1617594460555935,0.0
PRISM.8629,Track B (Dorea Absent),High_Overdrive_10x,10.0,0.1620814929503469,0.0
PRISM.8675,Track B (Dorea Absent),Baseline_1x,1.0,0.4138831465711869,0.0
PRISM.8675,Track B (Dorea Absent),Moderate_2x,2.0,0.41391681043119866,0.0
PRISM.8675,Track B (Dorea Absent),High_Overdrive_10x,10.0,0.41390529867553216,0.0
PRISM.8683,Track A (Dorea Present),Baseline_1x,1.0,0.5451681232129676,0.026888190114485785
PRISM.8683,Track A (Dorea Present),Moderate_2x,2.0,0.5452790033479952,0.005566485952632655
PRISM.8683,Track A (Dorea Present),High_Overdrive_10x,10.0,0.5452607238891954,0.023430443816144935
PRISM.8692,Track B (Dorea Absent),Baseline_1x,1.0,0.8472239633610112,0.0
PRISM.8692,Track B (Dorea Absent),Moderate_2x,2.0,0.8450055008255705,0.0
PRISM.8692,Track B (Dorea Absent),High_Overdrive_10x,10.0,0.8474759924136216,0.0
PRISM.8696,Track B (Dorea Absent),Baseline_1x,1.0,0.654297722881898,0.0
PRISM.8696,Track B (Dorea Absent),Moderate_2x,2.0,0.6527273711128967,0.0
PRISM.8696,Track B (Dorea Absent),High_Overdrive_10x,10.0,0.6514833487968137,0.0
PRISM.8728,Track A (Dorea Present),Baseline_1x,1.0,0.6004021961746431,0.009724625232549803
PRISM.8728,Track A (Dorea Present),Moderate_2x,2.0,0.6020040170005249,0.009283657078294504
PRISM.8728,Track A (Dorea Present),High_Overdrive_10x,10.0,0.60080720332925,0.026156246937351853
PRISM.8735,Track A (Dorea Present),Baseline_1x,1.0,0.6149717964741028,0.024308203686205336
PRISM.8735,Track A (Dorea Present),Moderate_2x,2.0,0.6148225333756504,0.033634412101851335
PRISM.8735,Track A (Dorea Present),High_Overdrive_10x,10.0,0.6148871613410148,0.009900390894783008
PRISM.8746,Track B (Dorea Absent),Baseline_1x,1.0,0.9216854274613479,0.0
PRISM.8746,Track B (Dorea Absent),Moderate_2x,2.0,0.9216854282727995,0.0
PRISM.8746,Track B (Dorea Absent),High_Overdrive_10x,10.0,0.9216854282189344,0.0
PRISM.8753,Track B (Dorea Absent),Baseline_1x,1.0,0.709810965483861,0.0
PRISM.8753,Track B (Dorea Absent),Moderate_2x,2.0,0.7101262859281238,0.0
PRISM.8753,Track B (Dorea Absent),High_Overdrive_10x,10.0,0.7093442614985763,0.0
PRISM.8754,Track A (Dorea Present),Baseline_1x,1.0,0.7594623001391024,0.013557758631528902
PRISM.8754,Track A (Dorea Present),Moderate_2x,2.0,0.7601601969200955,0.014199396514894633
PRISM.8754,Track A (Dorea Present),High_Overdrive_10x,10.0,0.7596650253457847,0.013562454303942926
PRISM.8764,Track A (Dorea Present),Baseline_1x,1.0,0.8012234488772578,0.03136590668249853
PRISM.8764,Track A (Dorea Present),Moderate_2x,2.0,0.8015107747554804,0.03623432427616218
PRISM.8764,Track A (Dorea Present),High_Overdrive_10x,10.0,0.801581145322658,0.04735788456858529
PRISM.8774,Track A (Dorea Present),Baseline_1x,1.0,0.8343369254199597,0.026582917171166637
PRISM.8774,Track A (Dorea Present),Moderate_2x,2.0,0.8345174175281895,0.026522708290257203
PRISM.8774,Track A (Dorea Present),High_Overdrive_10x,10.0,0.8343089580085027,0.026585361517002196
PRISM.8776,Track A (Dorea Present),Baseline_1x,1.0,0.9212401430898648,0.030114602042702613
PRISM.8776,Track A (Dorea Present),Moderate_2x,2.0,0.9172858759256418,0.029007001295398734
PRISM.8776,Track A (Dorea Present),High_Overdrive_10x,10.0,0.9172059548410375,0.014916191176195397
PRISM.8778,Track A (Dorea Present),Baseline_1x,1.0,0.92168462701804,0.01767791405545164
PRISM.8778,Track A (Dorea Present),Moderate_2x,2.0,0.9216820126766259,0.0070862356704686925
PRISM.8778,Track A (Dorea Present),High_Overdrive_10x,10.0,0.9216850964439666,0.007086915514865005
PRISM.8784,Track A (Dorea Present),Baseline_1x,1.0,0.685768357433322,0.027006002071003524
PRISM.8784,Track A (Dorea Present),Moderate_2x,2.0,0.6854192218707723,0.053198284935423466
PRISM.8784,Track A (Dorea Present),High_Overdrive_10x,10.0,0.6844560614454877,0.04086696684516918
PRISM.8785,Track A (Dorea Present),Baseline_1x,1.0,0.8075188940799775,0.02429130607754027
PRISM.8785,Track A (Dorea Present),Moderate_2x,2.0,0.8075675637302521,0.05569386710445064
PRISM.8785,Track A (Dorea Present),High_Overdrive_10x,10.0,0.8074600845768561,0.013790874489009465
PRISM.8788,Track A (Dorea Present),Baseline_1x,1.0,0.9216837408919752,0.013541100376023333
PRISM.8788,Track A (Dorea Present),Moderate_2x,2.0,0.9216829755126879,0.0202203824017581
PRISM.8788,Track A (Dorea Present),High_Overdrive_10x,10.0,0.9216842478781967,0.0070928780417709855
PRISM.8789,Track A (Dorea Present),Baseline_1x,1.0,0.9216843844935373,0.007369574277477839
PRISM.8789,Track A (Dorea Present),Moderate_2x,2.0,0.921684869081072,0.03134126980902902
PRISM.8789,Track A (Dorea Present),High_Overdrive_10x,10.0,0.9216834551616994,0.0270474829835033
PRISM.8794,Track A (Dorea Present),Baseline_1x,1.0,0.49046878457032317,0.015270677267629346
PRISM.8794,Track A (Dorea Present),Moderate_2x,2.0,0.4910062091878093,0.02076509255487198
PRISM.8794,Track A (Dorea Present),High_Overdrive_10x,10.0,0.4902715872494401,0.016331381003055912
PRISM.8800,Track B (Dorea Absent),Baseline_1x,1.0,0.5761057035373084,0.0
PRISM.8800,Track B (Dorea Absent),Moderate_2x,2.0,0.5758755615035053,0.0
PRISM.8800,Track B (Dorea Absent),High_Overdrive_10x,10.0,0.5763607115722902,0.0
PRISM.8802,Track A (Dorea Present),Baseline_1x,1.0,0.5674386170958717,0.03716965769669778
PRISM.8802,Track A (Dorea Present),Moderate_2x,2.0,0.5673483501519451,0.04695225770393559
PRISM.8802,Track A (Dorea Present),High_Overdrive_10x,10.0,0.5673799430918447,0.04345522880983022
PRISM.8803,Track B (Dorea Absent),Baseline_1x,1.0,0.7483285035883743,0.0
PRISM.8803,Track B (Dorea Absent),Moderate_2x,2.0,0.7483298124286746,0.0
PRISM.8803,Track B (Dorea Absent),High_Overdrive_10x,10.0,0.7483842628564141,0.0
PRISM.8805,Track A (Dorea Present),Baseline_1x,1.0,0.28223861963144914,0.0
PRISM.8805,Track A (Dorea Present),Moderate_2x,2.0,0.2824312241526785,0.0
PRISM.8805,Track A (Dorea Present),High_Overdrive_10x,10.0,0.2810775633012169,0.0
PRISM.8807,Track B (Dorea Absent),Baseline_1x,1.0,0.8725460719613221,0.0
PRISM.8807,Track B (Dorea Absent),Moderate_2x,2.0,0.8721050577398242,0.0
PRISM.8807,Track B (Dorea Absent),High_Overdrive_10x,10.0,0.8722644676951713,0.0
PRISM.8809,Track B (Dorea Absent),Baseline_1x,1.0,0.499922600398619,0.0
PRISM.8809,Track B (Dorea Absent),Moderate_2x,2.0,0.4998155267958477,0.0
PRISM.8809,Track B (Dorea Absent),High_Overdrive_10x,10.0,0.49974268051331927,0.0
PRISM.8815,Track B (Dorea Absent),Baseline_1x,1.0,0.43248397909392844,0.0
PRISM.8815,Track B (Dorea Absent),Moderate_2x,2.0,0.40278006962987906,0.0
PRISM.8815,Track B (Dorea Absent),High_Overdrive_10x,10.0,0.40374543513186056,0.0
PRISM.8841,Track A (Dorea Present),Baseline_1x,1.0,0.5393431885045189,0.0
PRISM.8841,Track A (Dorea Present),Moderate_2x,2.0,0.5369545332754773,0.0
PRISM.8841,Track A (Dorea Present),High_Overdrive_10x,10.0,0.538467243536298,0.0
PRISM.8846,Track B (Dorea Absent),Baseline_1x,1.0,0.667325743977421,0.0
PRISM.8846,Track B (Dorea Absent),Moderate_2x,2.0,0.6673573602795049,0.0
PRISM.8846,Track B (Dorea Absent),High_Overdrive_10x,10.0,0.6674292636258454,0.0
PRISM.8878,Track A (Dorea Present),Baseline_1x,1.0,0.9215484366820959,0.05408751932340857
PRISM.8878,Track A (Dorea Present),Moderate_2x,2.0,0.921413972488037,0.044440234462116354
PRISM.8878,Track A (Dorea Present),High_Overdrive_10x,10.0,0.9216788305165533,0.03831291641890275
PRISM.8882,Track B (Dorea Absent),Baseline_1x,1.0,0.5227604817663557,0.0
PRISM.8882,Track B (Dorea Absent),Moderate_2x,2.0,0.5257019252073334,0.0
PRISM.8882,Track B (Dorea Absent),High_Overdrive_10x,10.0,0.5224391910383318,0.0
PRISM.8894,Track A (Dorea Present),Baseline_1x,1.0,0.7820417477902054,0.04776094197217484
PRISM.8894,Track A (Dorea Present),Moderate_2x,2.0,0.7822329058518803,0.04366903417570997
PRISM.8894,Track A (Dorea Present),High_Overdrive_10x,10.0,0.7824618042921341,0.013130671925781686
PRISM.8924,Track A (Dorea Present),Baseline_1x,1.0,0.6323554780435149,0.02956828244323784
PRISM.8924,Track A (Dorea Present),Moderate_2x,2.0,0.6320736020134358,0.01969982730172077
PRISM.8924,Track A (Dorea Present),High_Overdrive_10x,10.0,0.6320718782607976,0.00970313718731972
PRISM.8982,Track A (Dorea Present),Baseline_1x,1.0,0.799500823831131,0.016898903768467557
PRISM.8982,Track A (Dorea Present),Moderate_2x,2.0,0.7995195523219035,0.043799847180911004
PRISM.8982,Track A (Dorea Present),High_Overdrive_10x,10.0,0.7995989227930735,0.030065234775570417
PRISM.9010,Track A (Dorea Present),Baseline_1x,1.0,0.895496722756443,0.029270313981353463
PRISM.9010,Track A (Dorea Present),Moderate_2x,2.0,0.89701301134308,0.037979948975615935
PRISM.9010,Track A (Dorea Present),High_Overdrive_10x,10.0,0.897239021142487,0.0415145891239856
PRISM.9033,Track A (Dorea Present),Baseline_1x,1.0,0.43359593968374943,0.02079121573554979
PRISM.9033,Track A (Dorea Present),Moderate_2x,2.0,0.4338737457884783,0.018517236872248547
PRISM.9033,Track A (Dorea Present),High_Overdrive_10x,10.0,0.4334650792308638,0.01929650462637598
PRISM.9074,Track B (Dorea Absent),Baseline_1x,1.0,0.41119032655672577,0.0
PRISM.9074,Track B (Dorea Absent),Moderate_2x,2.0,0.41184423781954843,0.0
PRISM.9074,Track B (Dorea Absent),High_Overdrive_10x,10.0,0.411521687493749,0.0
PRISM.9079,Track A (Dorea Present),Baseline_1x,1.0,0.9216729707680478,0.003019666539653082
PRISM.9079,Track A (Dorea Present),Moderate_2x,2.0,0.9216799978179233,0.03386948374494688
PRISM.9079,Track A (Dorea Present),High_Overdrive_10x,10.0,0.9216846484798782,0.007941764088388847
PRISM.9126,Track A (Dorea Present),Baseline_1x,1.0,0.647413284106785,0.052889767446039744
PRISM.9126,Track A (Dorea Present),Moderate_2x,2.0,0.6489337855080438,0.04135486853727794
PRISM.9126,Track A (Dorea Present),High_Overdrive_10x,10.0,0.6490723214754435,0.04264192124676845
PRISM.9148,Track B (Dorea Absent),Baseline_1x,1.0,0.919588513885675,0.0
PRISM.9148,Track B (Dorea Absent),Moderate_2x,2.0,0.9196020642642206,0.0
PRISM.9148,Track B (Dorea Absent),High_Overdrive_10x,10.0,0.9196254278796135,0.0
