Reaction_ID,Mean_IBD,Mean_Control,Fold_Change,P_value,FDR_corrected_q
FE3abc,0.012761682389505815,0.025289216599133264,0.5046294075374085,1.1389948140093342e-09,1.4956767385135505e-07
3MOPLPAMO,0.009828699218140963,0.030777113590699852,0.3193509095378903,1.9942356513514007e-09,1.4956767385135505e-07
DPRr,0.013289406620880446,0.029905688212938007,0.44437722102416255,6.420750674421996e-09,2.784669673952887e-07
G3PCT,0.9621640360835878,1.825232462212864,0.527146024412192,7.4257857972077e-09,2.784669673952887e-07
r2137,0.014990259900282264,0.027711378162921137,0.5409424176650944,1.3590848148858247e-08,4.077254444657474e-07
LYSabc,11.389855825165123,0.45382634209747263,25.097388072547833,3.255585047249167e-08,8.138962618122917e-07
COBALTt5,-0.012286876018181818,-0.021796048656249997,0.563720342708015,4.5382529151858094e-08,9.241201732976164e-07
FE2abc,0.027464994254101323,0.05099195674626102,0.5386142444144426,4.928640924253954e-08,9.241201732976164e-07
CAt4i,0.009457530056700343,0.017943856948253328,0.5270622745140057,8.498396491955481e-08,1.4163994153259135e-06
THMt3,-67.88251108546072,-17.907390753452635,3.790753885926828,9.989315426950261e-08,1.4983973140425392e-06
2MEBCOADH,-0.015499878980841928,-0.04952682703125,0.31295925682987835,1.1120745439768491e-07,1.5164652872411577e-06
TECA2S180,0.0007579763974497481,0.001874312353548928,0.4044023911033575,3.966018870205284e-07,3.25352581585486e-06
TECA5S180,0.0007579763974497481,0.001874312353548928,0.4044023911033575,3.966018870205284e-07,3.25352581585486e-06
TECA3S180,0.0007579763974497481,0.001874312353548928,0.4044023911033575,3.966018870205284e-07,3.25352581585486e-06
TECA1S180,0.003031905589799154,0.00749724941419604,0.40440239110336135,3.966018870205284e-07,3.25352581585486e-06
SUDPDGT,0.0030319055897991393,0.00749724941419604,0.4044023911033594,4.0172133314395716e-07,3.25352581585486e-06
SUDPMGT,0.003031905589799066,0.00749724941419604,0.40440239110334963,4.06904514879951e-07,3.25352581585486e-06
ZNabc,50.9220132693895,96.31807959077825,0.5286859277691092,4.1215219444234105e-07,3.25352581585486e-06
PGI,12227.822420849056,18235.043921499302,0.6705672041969873,4.228441395518643e-07,3.25352581585486e-06
EX_tmao_m,-7.568173960589795,-0.20286640164671202,37.3061970792464,4.338034421139814e-07,3.25352581585486e-06
UACMAMAT,0.016803786871941992,0.028878745413499687,0.5818738532902775,8.163089514206146e-07,4.887749830967669e-06
ACGAMT,0.01680378687194189,0.028878745413499687,0.5818738532902741,8.163089514206146e-07,4.887749830967669e-06
PNTOt4,0.010609950839563126,0.019142385497132534,0.5542648193534949,8.163089514206146e-07,4.887749830967669e-06
TECAAE,0.005601262290647072,0.00962624847116611,0.581873853290278,8.163089514206146e-07,4.887749830967669e-06
TECAGE,0.005601262290647084,0.00962624847116611,0.5818738532902792,8.163089514206146e-07,4.887749830967669e-06
OCDCAt2,2.154079433659131,10.32495335297169,0.20862849061096744,8.581222750477018e-07,4.887749830967669e-06
FDNADOX_H,4337.20693443213,6996.166866421247,0.6199404641488695,8.797949695741803e-07,4.887749830967669e-06
PDHc,12.880004065314473,0.09946415450401476,129.49392803408978,9.963063514558367e-07,5.282730248631698e-06
EX_fe2(e),-0.03847650516363637,-0.06562356409374999,0.5863214791057179,1.021327848068795e-06,5.282730248631698e-06
EX_tmao(e),-135.30294358999998,-21.875,6.185277421257142,1.1000742231256424e-06,5.490295128790218e-06
EX_tma_m,8.617234407352234,0.3134213933053634,27.494084932985242,1.18464656800255e-06,5.490295128790218e-06
EX_etha(e),-120.90698619090908,-15.625,7.738047116218181,1.18464656800255e-06,5.490295128790218e-06
EX_tma(e),185.75748904459695,37.5,4.953533041189252,1.2142023622622654e-06,5.490295128790218e-06
EX_but(e),2957.3830898012743,4544.358923648287,0.6507811419585313,1.244466895859116e-06,5.490295128790218e-06
bio1,3.5613913224319202,5.993186330552353,0.5942400462799711,1.477574474806722e-06,5.990166789756981e-06
TMDPK,0.6705402004763139,0.16709478075082818,4.012933243416046,1.477574474806722e-06,5.990166789756981e-06
3MEBCOADH,-0.019233399145454546,-0.0499373278125,0.38515074770661156,1.477574474806722e-06,5.990166789756981e-06
BUTt2r,-2768.5124453690905,-4330.9925960625005,0.6392327818537648,1.629065991338296e-06,6.430523650019589e-06
EX_etha_m,-3.189081331963637,-0.21541899928125,14.804085724119384,2.3696690559331767e-06,8.797654419390012e-06
DHPPDA2,0.0005934036183820493,0.0033081876019438435,0.17937423440961264,2.4860671200458515e-06,8.797654419390012e-06
CBIAT,0.017467634185512837,0.028218902234656805,0.6190047380390337,2.6392963258170035e-06,8.797654419390012e-06
NNDMBRT,0.01746763418551287,0.028218902234656805,0.6190047380390349,2.6392963258170035e-06,8.797654419390012e-06
ADOCBLS,0.01746763418551287,0.028218902234656805,0.6190047380390349,2.6392963258170035e-06,8.797654419390012e-06
RZ5PP,0.017467634185512827,0.028218902234656805,0.6190047380390333,2.6392963258170035e-06,8.797654419390012e-06
ACBIPGT,0.01746763418551276,0.028218902234656805,0.619004738039031,2.6392963258170035e-06,8.797654419390012e-06
FMNAT,0.02428001790100416,0.039614290501605656,0.6129105833668796,4.04268519882671e-06,1.3182669126608837e-05
r0792,-7.6909473496957075,-9.088297540741213,0.8462473103701288,4.65242502898718e-06,1.4848164986129299e-05
DMPPS2r,-6524.337712510853,-9884.9991970625,0.6600241014131467,5.106849872650038e-06,1.5633213895867463e-05
Coabc,0.0028523316883363402,0.006086182800455194,0.46865692041372964,5.106849872650038e-06,1.5633213895867463e-05
ACOAAGPAT180,1.3063912760106549,0.13067469733962375,9.997277993423179,6.146423261218348e-06,1.8439269783655042e-05
CYTDt2rpp,490.24866197287616,824.8604534350204,0.5943413336538339,7.3027070683248916e-06,2.1478550200955563e-05
FBA,6411.168431827767,8656.934538558118,0.7405818310479679,8.665340676123355e-06,2.4996175027278907e-05
EX_cytd(e),-588.7453172744455,-935.454149965625,0.6293684380961697,1.0039868712468551e-05,2.841472277113741e-05
dreplication,5.2717694992796655,8.572291717652822,0.6149778464052467,1.0385426264085066e-05,2.8848406289125182e-05
EAR4M6,0.1449382083296281,0.24638421220640228,0.5882609402270048,1.242873588310713e-05,3.389655240847399e-05
PPA,4519.549215797419,6513.947245663281,0.6938264995631257,1.5872404369870694e-05,4.251536884786793e-05
PSDAI17,0.04500529535765508,0.07311680097151267,0.6155260454459677,2.111652033457501e-05,5.461169052045261e-05
UDCPDPS,0.14382185905331307,0.24015788546692857,0.5988637798575153,2.111652033457501e-05,5.461169052045261e-05
AGPAT180,2.2346997460144826,7.474272470597848,0.2989855875344794,2.512375961177063e-05,6.265996893523769e-05
ETHAAL,108.50563279403411,15.625,6.944360498818183,2.5951544004009147e-05,6.265996893523769e-05
PBUTT,1252.2351806305182,2089.6499355568517,0.599255961165008,2.6233190055352374e-05,6.265996893523769e-05
PLPS,48.74345377420052,12.80403318759323,3.806882804820565,2.984783371043118e-05,6.265996893523769e-05
UAMAS,0.14970831707160273,0.24736031898412195,0.6052236578867466,3.049451821514901e-05,6.265996893523769e-05
UAMAGS,0.14970831707160348,0.24736031898412195,0.6052236578867496,3.049451821514901e-05,6.265996893523769e-05
PEPGLY,0.1497083170716038,0.24736031898412225,0.6052236578867503,3.049451821514901e-05,6.265996893523769e-05
UAGCVT_r,0.14970831707160273,0.24736031898412195,0.6052236578867466,3.049451821514901e-05,6.265996893523769e-05
GUI2,360.0152208420706,726.6615146713152,0.49543730275149267,3.049451821514901e-05,6.265996893523769e-05
PAPPT3,0.1497083170716043,0.24736031898412195,0.605223657886753,3.049451821514901e-05,6.265996893523769e-05
UAGPT3,0.14970831707160376,0.24736031898412195,0.6052236578867507,3.049451821514901e-05,6.265996893523769e-05
ALAALA,0.14968650906960915,0.2473023224309443,0.6052774094404512,3.049451821514901e-05,6.265996893523769e-05
UAAGDS,0.14970831707160295,0.24736031898412195,0.6052236578867475,3.049451821514901e-05,6.265996893523769e-05
UDCPDP,0.1497083170716024,0.24736031898412195,0.6052236578867453,3.049451821514901e-05,6.265996893523769e-05
UGMDDS,0.1497083170716043,0.24736031898412195,0.605223657886753,3.049451821514901e-05,6.265996893523769e-05
CYTDtex,535.8639909975919,837.3610898092141,0.6399437441255889,3.115450360187164e-05,6.315102081460467e-05
FDH2,139.79692389164052,278.87739573743306,0.5012845287154835,3.578684900140448e-05,7.157369800280895e-05
ACONTb,-936.7032160969366,-1602.8382459284483,0.5844028357049521,4.0210329467449074e-05,7.936249236996528e-05
TPI,10707.878545217354,13258.882916290497,0.8076003546317725,4.37481841466006e-05,8.522373535052065e-05
AGMD,21.583904495987245,26.356415248345186,0.8189241326110315,4.5149469213907356e-05,8.572684027957093e-05
NCPTRCA,21.583904495987245,26.356415248345186,0.8189241326110315,4.5149469213907356e-05,8.572684027957093e-05
PPAKr,3639.1803834190896,5214.414603847088,0.6979077537743502,6.632855328333254e-05,0.0001228306542283936
PTA2,3639.1803834190896,5214.414603847088,0.6979077537743502,6.632855328333254e-05,0.0001228306542283936
FOLabcpp,0.0038172299791277044,0.008493955894960825,0.44940543915377956,8.30662885952039e-05,0.0001519505279180559
MMCD,2124.98598529396,3482.4722998752404,0.610194655495203,9.965377458249973e-05,0.0001800971829804212
FOLRrev,0.004244107476237671,0.007621003167013437,0.5568961701272822,0.00010798896440408705,0.00019283743643586974
URIDK1,94.3709146539195,179.47543517714638,0.5258152156632089,0.00012173415857138006,0.0002148249857142001
GALURt2rpp,-304.5329351290909,-625.822062346875,0.48661265470103726,0.000146917589332443,0.0002558109800291953
GLYK,571.2004385497258,922.1985338607708,0.619389879268625,0.00014837036841693326,0.0002558109800291953
GALURt2r,-55.482285717181824,-100.8394523309375,0.5502041555630294,0.0001857620253901689,0.00031663981600596973
CYTDt2r,52.87224684952531,98.09249981598623,0.5390039702190225,0.00024557242326636586,0.0004092873721106098
ADMDC,9.405752517088475,2.9625043767903554,3.1749328678727156,0.00024557242326636586,0.0004092873721106098
EX_mal_L_m,-9.22594948529106,-1.56179729284375,5.907264359827566,0.00025030168324422793,0.0004125851921608153
HXANt2r,0.0008740041184672265,4.179011147040926,0.00020914137046178767,0.00026001758179729055,0.00042394170945210416
AICART,230.00708599608254,345.7975121175132,0.6651496264030919,0.0003580980975264911,0.0005714331343507837
IMPC,-230.00708599724544,-345.79751212409377,0.6651496263937969,0.0003580980975264911,0.0005714331343507837
URAt2,9.598696434494698,6.483789045136515,1.4804146722963902,0.00042310212264032635,0.0006400523059747123
GLUTRR,0.13019270093912685,0.19880829266579395,0.6548655450604713,0.00042310212264032635,0.0006400523059747123
G1SAT,0.13019270093912685,0.19880829266579395,0.6548655450604713,0.00042310212264032635,0.0006400523059747123
GLUTRS,0.13019270093912685,0.19880829266579395,0.6548655450604713,0.00042310212264032635,0.0006400523059747123
HMBS,0.01630579821253678,0.02485103658322385,0.6561415721203481,0.0004309685526896396,0.0006400523059747123
PPBNGS,0.0652231928501475,0.09940414633289674,0.656141572120343,0.0004309685526896396,0.0006400523059747123
UPP3S,0.01630579821253678,0.024851036583223803,0.6561415721203493,0.0004309685526896396,0.0006400523059747123
VALt2rpp,-994.6203356434077,-1589.1134867125,0.6258963528785109,0.0004553948383606663,0.0006696982917068622
CA2abc,0.005244179466116965,0.009033526769308995,0.5805240411678229,0.0004989959438728581,0.0007254704658560817
SPMS,9.406372537259802,2.963088052252876,3.1745167107362904,0.0005175022656440049,0.0007254704658560817
VAL_Ltex,-883.9262154973999,-1464.6001493790623,0.6035273285149895,0.0005175022656440049,0.0007254704658560817
MTAN,7.347372058819936,0.016508219855920627,445.0735526268643,0.0005175022656440049,0.0007254704658560817
DM_5MTR,7.347372058819936,0.016508219855920627,445.0735526268643,0.0005175022656440049,0.0007254704658560817
LYSt3r,37.21129051966648,21.736589811363885,1.711919433664448,0.0006542751697481406,0.0009087155135390842
PYK,12924.204861811631,15348.840320441206,0.8420313581997133,0.0006660804580696202,0.0009166244835820461
ARGDA,251.58510605863367,447.24371945465373,0.5625235081342311,0.0009562915090964976,0.0013040338760406786
PHETA1,48.01643733709293,220.51242074472668,0.2177493547752511,0.0009987686776637185,0.0013496874022482684
GLYC3Pt,39.98395677201655,9.375,4.264955389015099,0.00108901058587769,0.0014584963203719062
TMAOR1epp,109.63367287279007,36.401857108621385,3.0117604314979998,0.001292524859223984,0.0017157409635716603
FORt,-1518.0038622912798,-2112.71955349375,0.718507035058674,0.0015051387661312477,0.0019804457449095363
SO4tex,-50.65285357867988,-172.5278175147513,0.29359238590234304,0.0015828807166199446,0.0020646270216781886
NMNP,23.706329240224903,9.565784282038408,2.478242090900803,0.0019643546651205634,0.002540113791104177
EX_phe_L(e),110.96779454304354,-51.24526376269534,-2.1654253758339324,0.0024286237212120553,0.003113620155400071
PPND2,176.14053655798745,328.4075719827649,0.5363473670675031,0.002851867899575084,0.003625255804544598
EX_csn(e),-132.31619614785453,-66.68156321853125,1.9842995538995247,0.0034752704510336613,0.004380593005504615
CO2tpp,-6458.616373859092,-8419.36752578125,0.7671141987901026,0.004770380913003482,0.005962976141254353
SSZ_AR_NADi,128.47750028555186,511.73579699099406,0.25106217122389995,0.008194992490617194,0.01015908159993867
ANS2,74.67465074857972,105.0821323840458,0.7106312848283737,0.008495330441862596,0.010445078412126142
EX_nmn_m,-6.9461878492,-0.25224071734375003,27.537932504901004,0.00993701022923312,0.012118305157601365
EX_pime_m,-0.19141802739999997,-0.10013512759375,1.9115971787301886,0.016735182169720832,0.020244171979501006
HISabc,1.8409018392734615,9.4057499285662,0.1957208997958216,0.021189666110776703,0.025427599332932045
PPIte,48.627307099701646,68.80317000102647,0.7067596899819613,0.022309458647929877,0.02655887934277366
NTD11,227.35150807678053,274.02582901978434,0.8296718192224355,0.030919294062404228,0.036518851254808145
NACt2r,46.528644053409174,40.442421191387055,1.1504910606914476,0.03982348074918847,0.046668141502955236
EX_ala_D_m,-1.698840332881463,-17.31363480028106,0.09812152979303253,0.04223854467994791,0.049114586837148734
CSABCASE_A_epp,2.727272727272727,23.11772613803403,0.11797322586955167,0.05656516742029999,0.0652675008695769
EX_fe3_m,-0.0033752217727272727,-0.00322026434375,1.0481194748120661,0.05816539148001089,0.06660159329772239
GLYLEUPEPT1tc,369.39288535766934,418.1400886646401,0.883418967402412,0.06147877140545814,0.06986224023347516
EX_nmn(e),-86.4338318341182,-25.190951978499996,3.431145909368088,0.0708305173106959,0.07988404207973221
POR4i,186.51651204123084,31.25,5.968528385319387,0.08303818581153871,0.09295319307261796
LYSt2r,-68.43861665221836,-67.9733818161474,1.0068443679516978,0.09788355415859393,0.10875950462065992
FERO,20.13305570345152,0.01429700327924067,1408.2010971267548,0.1288911604521787,0.1421593681457853
PUNP4,676.1460579210889,543.4344116138147,1.2442091326406177,0.13388436370352874,0.1465887193834256
EX_levanttr(e),131.25529713419752,17.215681362725448,7.6241709153832895,0.1589444529832844,0.17276570976443958
r0060,1279.797131023431,1401.618753985279,0.9130850506848116,0.20601698885784314,0.22232049157321201
NNAM,165.20920346721093,102.03730049001453,1.619105980595581,0.21310846084114587,0.22833049375837058
GCALDt,2.8735908845183613,41.66326666780668,0.0689718093261946,0.22037448132243953,0.23444093757706333
ORNDC,80.58412270103315,65.3300605553562,1.2334922394990238,0.326394104424249,0.34478250467350247
FCSNt,29.62988631247425,9.597847909933973,3.0871385534049463,0.3874668001375462,0.4064337064379855
HSERTA,-10.089387471812774,-13.164912745747433,0.7663846822738629,0.47291612987365217,0.49262096861838767
EX_bzd_m,3.9612855606617456,2.7691091781740624,1.4305270416509177,0.7546708284340516,0.780693960449019
EX_tlf_a_1b_m,2.6690737097888335,0.8415001505745527,3.171804197499507,0.8071300839529639,0.8292432369379766
EX_phe_L_m,6.6061953790183034,2.7307322360575093,2.419202912606323,0.8222907254910723,0.8390721688684412
EX_indole_m,-4.882990051346006,-6.988073901559267,0.6987605054171582,0.8796912333950775,0.8915789527652812
ACODAr,407.77193412136114,256.8190480194019,1.5877791669508687,0.9532777065109485,0.9532777065109486
ACGS,407.77193412136114,256.8190480194019,1.5877791669508687,0.9532777065109485,0.9532777065109486
